{"loss": [16.917835235595703, 14.094788551330566, 13.533989906311035, 13.257771492004395, 13.093737602233887, 12.975937843322754, 12.895052909851074, 12.829085350036621, 12.76477336883545, 12.720391273498535, 12.669468879699707, 12.626988410949707, 12.587299346923828], "acc": [0.4045025408267975, 0.45700618624687195, 0.4708468019962311, 0.4788093864917755, 0.4842259883880615, 0.4886980652809143, 0.4922071397304535, 0.4952196776866913, 0.4980141222476959, 0.50003582239151, 0.5022116899490356, 0.5040662288665771, 0.5060151815414429], "val_loss": [14.134150505065918, 13.36284065246582, 13.117680549621582, 12.985067367553711, 12.930109024047852, 12.969931602478027, 12.907294273376465, 12.892315864562988, 12.869439125061035, 12.934707641601562, 12.89842700958252, 12.90848159790039, 12.927031517028809], "val_acc": [0.4499262571334839, 0.47264689207077026, 0.4791521430015564, 0.48437026143074036, 0.48827603459358215, 0.4861782491207123, 0.49026116728782654, 0.4916757047176361, 0.493080198764801, 0.49113065004348755, 0.4930264353752136, 0.4918486177921295, 0.49267101287841797]}