{"loss": [16.96710205078125, 14.125275611877441, 13.551841735839844, 13.266012191772461, 13.097477912902832, 12.995198249816895, 12.909400939941406, 12.843660354614258, 12.78188705444336, 12.731352806091309], "acc": [0.40249598026275635, 0.456220418214798, 0.4704945981502533, 0.47862398624420166, 0.48436129093170166, 0.48836636543273926, 0.4919046461582184, 0.4947834610939026, 0.49770092964172363, 0.4998844861984253], "val_loss": [14.20834732055664, 13.32023811340332, 13.120285987854004, 12.99396800994873, 12.88628101348877, 12.866779327392578, 12.898868560791016, 12.867377281188965, 12.890779495239258, 12.920016288757324], "val_acc": [0.4507576525211334, 0.4720519781112671, 0.4786188006401062, 0.48342031240463257, 0.48832133412361145, 0.4890718460083008, 0.4905396103858948, 0.4921519458293915, 0.4928108751773834, 0.4902181625366211]}