{"loss": [16.904497146606445, 14.07008171081543, 13.508673667907715, 13.232589721679688, 13.066673278808594, 12.965456008911133, 12.884547233581543, 12.821501731872559, 12.767635345458984, 12.718853950500488, 12.6749906539917], "acc": [0.40396544337272644, 0.45741912722587585, 0.4715837836265564, 0.4793883264064789, 0.4846356511116028, 0.48885637521743774, 0.4925008714199066, 0.49532267451286316, 0.49772945046424866, 0.5000054240226746, 0.502106785774231], "val_loss": [13.97122573852539, 13.34941291809082, 13.0906982421875, 13.003634452819824, 12.898736000061035, 12.88418960571289, 12.862589836120605, 12.915948867797852, 12.945205688476562, 12.913872718811035, 12.890965461730957], "val_acc": [0.45467469096183777, 0.47026458382606506, 0.4790736734867096, 0.48347005248069763, 0.4876655042171478, 0.4893248379230499, 0.4896509051322937, 0.48984020948410034, 0.4900738596916199, 0.49088528752326965, 0.49333998560905457]}