{"loss": [17.337249755859375, 14.509821891784668, 13.894606590270996, 13.58968448638916, 13.40802001953125, 13.278434753417969, 13.190943717956543, 13.13029956817627, 13.06640338897705, 13.009095191955566, 12.95991039276123, 12.916008949279785, 12.872941017150879, 12.833708763122559, 12.79637622833252], "acc": [0.39143139123916626, 0.44376951456069946, 0.4593666195869446, 0.4682396650314331, 0.4742971956729889, 0.47882789373397827, 0.482631117105484, 0.48536789417266846, 0.4882471263408661, 0.49065256118774414, 0.49295729398727417, 0.49472957849502563, 0.49656766653060913, 0.4985217750072479, 0.5000385642051697], "val_loss": [14.432019233703613, 13.657234191894531, 13.336684226989746, 13.191012382507324, 13.153907775878906, 13.113164901733398, 13.097319602966309, 13.079133987426758, 13.06783676147461, 13.036798477172852, 13.0262451171875, 13.028985977172852, 13.03964614868164, 13.070444107055664, 13.047060012817383], "val_acc": [0.4387724697589874, 0.4591878056526184, 0.47153085470199585, 0.47740840911865234, 0.47921809554100037, 0.48285675048828125, 0.48390457034111023, 0.48359912633895874, 0.48522573709487915, 0.48712220788002014, 0.4880446791648865, 0.4882912039756775, 0.4890282452106476, 0.48779645562171936, 0.4887477159500122]}