{"loss": [16.926179885864258, 14.14697551727295, 13.449185371398926, 13.048038482666016, 12.766921997070312, 12.547064781188965, 12.367475509643555, 12.223426818847656, 12.108760833740234, 11.995024681091309, 11.89234447479248, 11.800056457519531], "acc": [0.38416460156440735, 0.43642139434814453, 0.45358026027679443, 0.46407291293144226, 0.4711223840713501, 0.47666433453559875, 0.4815482199192047, 0.48583516478538513, 0.4891635775566101, 0.49270686507225037, 0.49601197242736816, 0.49887165427207947], "val_loss": [15.178949356079102, 13.931132316589355, 13.45256519317627, 13.251821517944336, 13.128814697265625, 13.01513957977295, 12.99450969696045, 12.884149551391602, 12.863995552062988, 12.819781303405762, 12.850668907165527, 12.879176139831543], "val_acc": [0.41440004110336304, 0.4420928359031677, 0.4555194675922394, 0.46064943075180054, 0.46764010190963745, 0.4722813367843628, 0.4711485803127289, 0.4745926260948181, 0.47500041127204895, 0.4792823791503906, 0.4790971577167511, 0.4786912500858307]}