{
    "loss": [
        16.901287078857422,
        14.077300071716309,
        13.518499374389648,
        13.239919662475586,
        13.079838752746582,
        12.975841522216797,
        12.898957252502441,
        12.83670711517334,
        12.778696060180664,
        12.733208656311035,
        12.687562942504883,
        12.647575378417969
    ],
    "acc": [
        0.4042451083660126,
        0.45735445618629456,
        0.47104883193969727,
        0.4789465665817261,
        0.4843390882015228,
        0.4884110987186432,
        0.4919235110282898,
        0.49487534165382385,
        0.4974415600299835,
        0.4993109703063965,
        0.5014994740486145,
        0.5031515955924988
    ],
    "val_loss": [
        14.13109302520752,
        13.287121772766113,
        13.079039573669434,
        12.975765228271484,
        12.939593315124512,
        12.912302017211914,
        12.905214309692383,
        12.903913497924805,
        12.93796157836914,
        12.9273099899292,
        12.911005020141602,
        12.97042179107666
    ],
    "val_acc": [
        0.4485395550727844,
        0.4714491069316864,
        0.4793260395526886,
        0.48389020562171936,
        0.486681193113327,
        0.48922714591026306,
        0.4903157949447632,
        0.4902215898036957,
        0.49006372690200806,
        0.4909149408340454,
        0.4924636483192444,
        0.49088138341903687
    ]
}