{
    "loss": [
        16.94144630432129,
        14.128602027893066,
        13.55562973022461,
        13.283141136169434,
        13.102714538574219,
        12.989628791809082,
        12.907251358032227,
        12.836763381958008,
        12.779623031616211,
        12.7273530960083,
        12.686555862426758,
        12.635907173156738,
        12.600811004638672,
        12.564544677734375
    ],
    "acc": [
        0.40347713232040405,
        0.45627421140670776,
        0.4703778326511383,
        0.47816938161849976,
        0.48389580845832825,
        0.4882362484931946,
        0.49189668893814087,
        0.49510273337364197,
        0.49757954478263855,
        0.4999253749847412,
        0.5018676519393921,
        0.5039198398590088,
        0.505339503288269,
        0.5071436762809753
    ],
    "val_loss": [
        14.122186660766602,
        13.315631866455078,
        13.170268058776855,
        12.94175910949707,
        12.940530776977539,
        12.909810066223145,
        12.887372016906738,
        12.91706371307373,
        12.900172233581543,
        12.869873046875,
        12.899601936340332,
        12.892049789428711,
        12.912226676940918,
        12.9236478805542
    ],
    "val_acc": [
        0.4537931978702545,
        0.47268661856651306,
        0.4773472547531128,
        0.4853213429450989,
        0.48625507950782776,
        0.4883362352848053,
        0.4913865625858307,
        0.49094486236572266,
        0.4901638627052307,
        0.49279943108558655,
        0.49376407265663147,
        0.4940810799598694,
        0.49459514021873474,
        0.4940568506717682
    ]
}