{"loss": [16.92442512512207, 14.124512672424316, 13.546891212463379, 13.260454177856445, 13.083142280578613, 12.97398853302002, 12.890756607055664, 12.828377723693848, 12.77098560333252, 12.713541030883789, 12.668312072753906, 12.627787590026855], "acc": [0.40380600094795227, 0.4563229978084564, 0.4706738293170929, 0.4787846803665161, 0.48447179794311523, 0.488638699054718, 0.4923854470252991, 0.49523818492889404, 0.4977089464664459, 0.5001298785209656, 0.5021977424621582, 0.5042439103126526], "val_loss": [14.079322814941406, 13.30850601196289, 13.066718101501465, 12.94497299194336, 12.872591972351074, 12.842859268188477, 12.852883338928223, 12.835470199584961, 12.880973815917969, 12.909818649291992, 12.897482872009277, 12.918411254882812], "val_acc": [0.45287713408470154, 0.47156593203544617, 0.4806334674358368, 0.48461392521858215, 0.4883032739162445, 0.4906803071498871, 0.4912419319152832, 0.49325987696647644, 0.49212971329689026, 0.4928889274597168, 0.4924028515815735, 0.49258866906166077]}