{"loss": [17.46906852722168, 14.38320255279541, 13.81461238861084, 13.534547805786133, 13.356039047241211, 13.228156089782715, 13.119319915771484, 13.027765274047852, 12.950260162353516, 12.875255584716797, 12.820757865905762, 12.760217666625977], "acc": [0.37791121006011963, 0.4337576627731323, 0.44798851013183594, 0.4557916522026062, 0.46134036779403687, 0.46542128920555115, 0.46894171833992004, 0.47193169593811035, 0.47433027625083923, 0.4764927923679352, 0.47830072045326233, 0.4801657795906067], "val_loss": [14.866554260253906, 13.983407974243164, 13.661857604980469, 13.555359840393066, 13.466218948364258, 13.382722854614258, 13.392861366271973, 13.275856971740723, 13.223159790039062, 13.238397598266602, 13.248602867126465, 13.1741943359375], "val_acc": [0.4223683476448059, 0.443482905626297, 0.4533260762691498, 0.4572601318359375, 0.4614284336566925, 0.4634733498096466, 0.46476447582244873, 0.46963292360305786, 0.47168126702308655, 0.47046327590942383, 0.4714755415916443, 0.4743066132068634]}