{"loss": [17.230985641479492, 14.392902374267578, 13.803635597229004, 13.512484550476074, 13.326882362365723, 13.203204154968262, 13.116271018981934, 13.045310020446777, 12.983762741088867, 12.926899909973145, 12.878888130187988, 12.838075637817383, 12.791354179382324, 12.752158164978027, 12.718445777893066, 12.68327522277832], "acc": [0.393702894449234, 0.4473280608654022, 0.4620654284954071, 0.4705076515674591, 0.4766344726085663, 0.48116153478622437, 0.4849923849105835, 0.4880625009536743, 0.4907416105270386, 0.4931638240814209, 0.49532973766326904, 0.49717673659324646, 0.49915146827697754, 0.500813364982605, 0.5025503039360046, 0.5037668347358704], "val_loss": [14.34227466583252, 13.539017677307129, 13.286020278930664, 13.187955856323242, 13.130682945251465, 13.050938606262207, 13.05191421508789, 13.04191780090332, 13.044844627380371, 13.058770179748535, 13.086443901062012, 13.038763046264648, 13.080782890319824, 13.055875778198242, 13.077089309692383, 13.045577049255371], "val_acc": [0.44440725445747375, 0.46403831243515015, 0.4725399315357208, 0.4782550036907196, 0.47878628969192505, 0.484789103269577, 0.48584625124931335, 0.4863515794277191, 0.48715725541114807, 0.48818060755729675, 0.4849555194377899, 0.4880771338939667, 0.4876041114330292, 0.48839133977890015, 0.4890425503253937, 0.4901496171951294]}