{"loss": [17.31424331665039, 14.351625442504883, 13.704985618591309, 13.348777770996094, 13.110755920410156, 12.93619441986084, 12.803606033325195, 12.688729286193848, 12.593185424804688, 12.503429412841797, 12.42330551147461, 12.34992790222168, 12.282498359680176], "acc": [0.37641334533691406, 0.4314960241317749, 0.44782766699790955, 0.45723986625671387, 0.4634229838848114, 0.4687859117984772, 0.4728992283344269, 0.47676265239715576, 0.4796305000782013, 0.48266470432281494, 0.4852113723754883, 0.4874720871448517, 0.48970597982406616], "val_loss": [14.988004684448242, 14.06696605682373, 13.619651794433594, 13.421819686889648, 13.299548149108887, 13.191530227661133, 13.197529792785645, 13.112287521362305, 13.106165885925293, 13.094717025756836, 13.072325706481934, 13.08816909790039, 13.083956718444824], "val_acc": [0.41484519839286804, 0.43761974573135376, 0.45322316884994507, 0.45989999175071716, 0.4621656835079193, 0.46519291400909424, 0.46762701869010925, 0.4710879623889923, 0.4716825783252716, 0.4709271788597107, 0.4732249677181244, 0.4748595952987671, 0.4744712710380554]}