{"loss": [17.32087516784668, 14.482362747192383, 13.735801696777344, 13.32999324798584, 13.049510955810547, 12.83344554901123, 12.657316207885742, 12.515951156616211, 12.393227577209473, 12.281241416931152, 12.185246467590332, 12.094216346740723, 12.009552955627441], "acc": [0.3736766576766968, 0.42675453424453735, 0.4449969232082367, 0.45521560311317444, 0.46245890855789185, 0.4682377576828003, 0.4728127717971802, 0.47701308131217957, 0.4803740680217743, 0.48412197828292847, 0.48695194721221924, 0.48961398005485535, 0.492594838142395], "val_loss": [15.17861557006836, 14.148942947387695, 13.710373878479004, 13.47777271270752, 13.34765625, 13.179976463317871, 13.15218448638916, 13.124810218811035, 13.042520523071289, 13.044668197631836, 13.049019813537598, 13.066822052001953, 13.051992416381836], "val_acc": [0.41019371151924133, 0.4365914762020111, 0.44610556960105896, 0.4541686773300171, 0.4590751528739929, 0.4655739367008209, 0.46446025371551514, 0.4665250778198242, 0.46890735626220703, 0.4705044627189636, 0.47255435585975647, 0.47299328446388245, 0.47236019372940063]}