{"loss": [16.95932388305664, 14.213945388793945, 13.506964683532715, 13.105474472045898, 12.817561149597168, 12.598885536193848, 12.42125415802002, 12.27087688446045, 12.145700454711914, 12.042756080627441, 11.93199348449707, 11.837142944335938], "acc": [0.38323378562927246, 0.43481630086898804, 0.4521632194519043, 0.4621029198169708, 0.4696106016635895, 0.47532224655151367, 0.4797155559062958, 0.48424339294433594, 0.48778924345970154, 0.4910198748111725, 0.49465301632881165, 0.49762141704559326], "val_loss": [15.03373908996582, 13.885473251342773, 13.499150276184082, 13.250954627990723, 13.135479927062988, 13.02658462524414, 12.976140975952148, 12.95779800415039, 12.902950286865234, 12.92146110534668, 12.892533302307129, 12.882857322692871], "val_acc": [0.4148799479007721, 0.44486144185066223, 0.4531618058681488, 0.46175500750541687, 0.46646958589553833, 0.46835631132125854, 0.47095760703086853, 0.4723886549472809, 0.473682165145874, 0.4753360152244568, 0.47727546095848083, 0.47818756103515625]}