{"loss": [17.204345703125, 14.372538566589355, 13.794243812561035, 13.508025169372559, 13.332925796508789, 13.217938423156738, 13.13712215423584, 13.072700500488281, 13.020591735839844, 12.97154426574707, 12.925419807434082, 12.891809463500977], "acc": [0.39438754320144653, 0.44765394926071167, 0.4621005356311798, 0.47038114070892334, 0.4761434495449066, 0.48041674494743347, 0.4838942289352417, 0.4869549572467804, 0.4893095791339874, 0.4915032982826233, 0.49357813596725464, 0.4952493906021118], "val_loss": [14.311257362365723, 13.542144775390625, 13.320862770080566, 13.156126022338867, 13.121193885803223, 13.125102043151855, 13.10969352722168, 13.03178882598877, 13.08883285522461, 13.10997486114502, 13.071246147155762, 13.077689170837402], "val_acc": [0.44200432300567627, 0.4627762734889984, 0.47172704339027405, 0.47767606377601624, 0.48055464029312134, 0.48189041018486023, 0.4823791980743408, 0.48629456758499146, 0.4844769835472107, 0.4837832450866699, 0.48629292845726013, 0.48671016097068787]}