{"loss": [17.231678009033203, 14.380721092224121, 13.796197891235352, 13.505401611328125, 13.328567504882812, 13.209582328796387, 13.136146545410156, 13.059613227844238, 12.999571800231934, 12.946632385253906, 12.901501655578613, 12.862208366394043, 12.820688247680664], "acc": [0.3940161168575287, 0.4476572573184967, 0.46228650212287903, 0.470730185508728, 0.4766111671924591, 0.4810258150100708, 0.4841890335083008, 0.4876756966114044, 0.49028638005256653, 0.4926304519176483, 0.4946635067462921, 0.496427983045578, 0.49825721979141235], "val_loss": [14.337989807128906, 13.603948593139648, 13.240142822265625, 13.158045768737793, 13.078837394714355, 13.095312118530273, 13.082695960998535, 13.049036979675293, 13.015456199645996, 13.03482723236084, 13.017973899841309, 13.04854965209961, 13.045716285705566], "val_acc": [0.44158437848091125, 0.46232885122299194, 0.4731956720352173, 0.47771507501602173, 0.48278358578681946, 0.4824862778186798, 0.48361173272132874, 0.485295832157135, 0.48818403482437134, 0.4861185550689697, 0.4876077473163605, 0.48783570528030396, 0.48881080746650696]}