{"loss": [17.279970169067383, 14.422240257263184, 13.819761276245117, 13.527069091796875, 13.341004371643066, 13.226076126098633, 13.137577056884766, 13.071681022644043, 13.01032543182373, 12.957806587219238, 12.91303825378418, 12.874351501464844, 12.831286430358887], "acc": [0.39369699358940125, 0.4466153681278229, 0.46175625920295715, 0.47041940689086914, 0.4760614335536957, 0.480677992105484, 0.484262615442276, 0.4874018430709839, 0.4901585578918457, 0.49241527915000916, 0.49447354674339294, 0.49630481004714966, 0.49796780943870544], "val_loss": [14.455870628356934, 13.548982620239258, 13.246810913085938, 13.168571472167969, 13.091261863708496, 13.102484703063965, 13.083585739135742, 13.057412147521973, 13.022054672241211, 13.082998275756836, 13.061042785644531, 13.06290340423584, 13.037298202514648], "val_acc": [0.4398569166660309, 0.465156227350235, 0.47315627336502075, 0.47770705819129944, 0.4809873104095459, 0.4815524220466614, 0.48286882042884827, 0.4843190014362335, 0.4872730076313019, 0.48454076051712036, 0.48558416962623596, 0.48725175857543945, 0.4873081147670746]}