{"loss": [17.753463745117188, 14.606619834899902, 14.044252395629883, 13.77127742767334, 13.603350639343262, 13.484107971191406, 13.383325576782227, 13.298340797424316, 13.220934867858887, 13.158957481384277, 13.10637092590332, 13.052966117858887], "acc": [0.3715507388114929, 0.42778468132019043, 0.44130364060401917, 0.44887784123420715, 0.454052209854126, 0.4579072594642639, 0.4611837863922119, 0.4639163613319397, 0.4662901759147644, 0.4682822525501251, 0.46965292096138, 0.4712938666343689], "val_loss": [15.031279563903809, 14.184891700744629, 13.89682388305664, 13.689471244812012, 13.528422355651855, 13.455215454101562, 13.431626319885254, 13.379743576049805, 13.340929985046387, 13.323501586914062, 13.329168319702148, 13.288260459899902], "val_acc": [0.4147666394710541, 0.4386846423149109, 0.44598838686943054, 0.45347484946250916, 0.4585064649581909, 0.462243914604187, 0.46338585019111633, 0.46587279438972473, 0.46654099225997925, 0.46667537093162537, 0.46810197830200195, 0.46885424852371216]}