{"loss": [16.908002853393555, 14.099172592163086, 13.53622817993164, 13.257060050964355, 13.089493751525879, 12.978351593017578, 12.899918556213379, 12.835844993591309, 12.773374557495117, 12.720108985900879, 12.673898696899414], "acc": [0.40428876876831055, 0.45692986249923706, 0.47070449590682983, 0.47876447439193726, 0.4844534993171692, 0.48872220516204834, 0.49233365058898926, 0.4950821101665497, 0.4977434575557709, 0.499965101480484, 0.5021466612815857], "val_loss": [14.100043296813965, 13.348926544189453, 13.058746337890625, 12.985005378723145, 12.886397361755371, 12.924093246459961, 12.875405311584473, 12.948933601379395, 12.912148475646973, 12.918634414672852, 12.93291187286377], "val_acc": [0.4531349539756775, 0.47069278359413147, 0.4805981516838074, 0.48375436663627625, 0.48779329657554626, 0.4874177873134613, 0.4902987480163574, 0.4892311096191406, 0.49135705828666687, 0.49287399649620056, 0.4918462932109833]}