{
    "loss": [
        16.91289710998535,
        14.075849533081055,
        13.527067184448242,
        13.244426727294922,
        13.083139419555664,
        12.972002029418945,
        12.903451919555664,
        12.840001106262207,
        12.781832695007324,
        12.735010147094727,
        12.692554473876953,
        12.652371406555176,
        12.61849594116211
    ],
    "acc": [
        0.4034782946109772,
        0.4569387435913086,
        0.47056204080581665,
        0.4789787530899048,
        0.4844684302806854,
        0.4885765612125397,
        0.49160465598106384,
        0.49475929141044617,
        0.4973710775375366,
        0.49931851029396057,
        0.5013200044631958,
        0.5030965805053711,
        0.5048754811286926
    ],
    "val_loss": [
        14.077500343322754,
        13.301082611083984,
        13.10570240020752,
        12.938673973083496,
        12.908330917358398,
        12.92253589630127,
        12.880559921264648,
        12.911921501159668,
        12.871094703674316,
        12.88883113861084,
        12.87741756439209,
        12.907770156860352,
        12.918195724487305
    ],
    "val_acc": [
        0.4519805908203125,
        0.47330614924430847,
        0.4788672626018524,
        0.48663821816444397,
        0.48706087470054626,
        0.4893065392971039,
        0.4904903471469879,
        0.4903183877468109,
        0.49195045232772827,
        0.4928947985172272,
        0.4922572672367096,
        0.49341651797294617,
        0.4926168620586395
    ]
}