{"loss": [16.91082191467285, 14.096354484558105, 13.53431224822998, 13.256011962890625, 13.086612701416016, 12.9714937210083, 12.89484977722168, 12.826053619384766, 12.771524429321289, 12.720091819763184, 12.667159080505371, 12.623513221740723, 12.59468936920166], "acc": [0.4043392539024353, 0.4569950997829437, 0.47057950496673584, 0.4787159264087677, 0.48439866304397583, 0.4889654517173767, 0.49225401878356934, 0.49541613459587097, 0.49785345792770386, 0.5000924468040466, 0.5021742582321167, 0.504322350025177, 0.5057281851768494], "val_loss": [14.270281791687012, 13.32369327545166, 13.056500434875488, 12.979066848754883, 12.914312362670898, 12.937785148620605, 12.872900009155273, 12.919084548950195, 12.860045433044434, 12.89905834197998, 12.889044761657715, 12.889018058776855, 12.953059196472168], "val_acc": [0.4469270706176758, 0.47080302238464355, 0.47988182306289673, 0.48421967029571533, 0.4866538643836975, 0.48764941096305847, 0.4919237494468689, 0.4908616840839386, 0.4923758804798126, 0.4915626049041748, 0.492907851934433, 0.49327078461647034, 0.49188169836997986]}