{"loss": [17.295398712158203, 14.461591720581055, 13.860071182250977, 13.563276290893555, 13.382155418395996, 13.258421897888184, 13.169159889221191, 13.096966743469238, 13.038058280944824, 12.984119415283203, 12.929363250732422, 12.889008522033691], "acc": [0.39318928122520447, 0.44564881920814514, 0.4604993760585785, 0.46914103627204895, 0.4752030074596405, 0.47967529296875, 0.4835607707500458, 0.4866296947002411, 0.4892462193965912, 0.49153515696525574, 0.4940505623817444, 0.4957568347454071], "val_loss": [14.449955940246582, 13.658524513244629, 13.330499649047852, 13.192937850952148, 13.15609359741211, 13.108338356018066, 13.073349952697754, 13.04157543182373, 13.05970287322998, 13.075448989868164, 13.043706893920898, 13.070778846740723], "val_acc": [0.43987125158309937, 0.46371936798095703, 0.4729701280593872, 0.4770222306251526, 0.47921207547187805, 0.48279237747192383, 0.485272079706192, 0.4855448007583618, 0.486747682094574, 0.48562091588974, 0.4883785545825958, 0.48637381196022034]}