{"loss": [16.937498092651367, 13.983894348144531, 13.377731323242188, 13.024538040161133, 12.78991985321045, 12.615802764892578, 12.473226547241211, 12.355862617492676, 12.251668930053711, 12.15505599975586, 12.06296443939209, 11.987167358398438], "acc": [0.3866594433784485, 0.44242554903030396, 0.45735061168670654, 0.4665771424770355, 0.47298651933670044, 0.47789114713668823, 0.4825087785720825, 0.4865565896034241, 0.48992958664894104, 0.4931514263153076, 0.4960302412509918, 0.4986002445220947], "val_loss": [14.771943092346191, 13.797015190124512, 13.365528106689453, 13.251651763916016, 13.112692832946777, 13.083715438842773, 12.993979454040527, 12.954357147216797, 12.920164108276367, 12.908547401428223, 12.916443824768066, 12.881987571716309], "val_acc": [0.4243689775466919, 0.44834619760513306, 0.4577937424182892, 0.46477463841438293, 0.46768873929977417, 0.4702554941177368, 0.4752383232116699, 0.4771629571914673, 0.4778161346912384, 0.47805505990982056, 0.4785206615924835, 0.47979503870010376]}