{"loss": [17.278244018554688, 14.416088104248047, 13.832639694213867, 13.539033889770508, 13.35986328125, 13.235594749450684, 13.146743774414062, 13.07935619354248, 13.011853218078613, 12.958011627197266, 12.91217041015625, 12.868337631225586, 12.826422691345215, 12.788107872009277, 12.746793746948242, 12.7124605178833, 12.678589820861816, 12.651031494140625, 12.619056701660156, 12.589107513427734], "acc": [0.392909973859787, 0.4467020630836487, 0.4614008963108063, 0.46978655457496643, 0.4759253263473511, 0.4805006682872772, 0.484267920255661, 0.4871346056461334, 0.49005964398384094, 0.4925437271595001, 0.49443933367729187, 0.49649858474731445, 0.49812886118888855, 0.5001118183135986, 0.5016707181930542, 0.5032961368560791, 0.5045471787452698, 0.5060362815856934, 0.5073343515396118, 0.5086369514465332], "val_loss": [14.378694534301758, 13.558374404907227, 13.304939270019531, 13.207868576049805, 13.144583702087402, 13.105154991149902, 13.067948341369629, 13.036334991455078, 13.034289360046387, 13.017168998718262, 13.06772232055664, 13.032081604003906, 13.04244327545166, 13.05898666381836, 13.060150146484375, 13.016412734985352, 13.104660987854004, 13.057068824768066, 13.033740997314453, 13.055572509765625], "val_acc": [0.44108739495277405, 0.46382856369018555, 0.47249850630760193, 0.47670814394950867, 0.4790026545524597, 0.4821471571922302, 0.4843413531780243, 0.4862487316131592, 0.4867683947086334, 0.48814550042152405, 0.4860951900482178, 0.48750731348991394, 0.4890657365322113, 0.4896049499511719, 0.48777949810028076, 0.49111509323120117, 0.4872238039970398, 0.49079039692878723, 0.4911022484302521, 0.4906542897224426]}