{"loss": [17.30232810974121, 13.642413139343262, 12.898598670959473, 12.505630493164062, 12.266132354736328, 12.105241775512695, 11.988134384155273, 11.907121658325195, 11.83609390258789, 11.764915466308594, 11.708695411682129, 11.651597023010254], "acc": [0.42891210317611694, 0.49625617265701294, 0.5135263204574585, 0.5231043696403503, 0.529760479927063, 0.534905195236206, 0.5393823385238647, 0.5427416563034058, 0.5458556413650513, 0.5486803650856018, 0.5511248707771301, 0.5535557866096497], "val_loss": [14.376018524169922, 13.21777629852295, 12.6318359375, 12.450197219848633, 12.372897148132324, 12.333353996276855, 12.337528228759766, 12.35205078125, 12.3130464553833, 12.33293628692627, 12.344219207763672, 12.36807632446289], "val_acc": [0.47459810972213745, 0.5017043352127075, 0.5153576135635376, 0.5210487246513367, 0.5247437357902527, 0.5287393927574158, 0.5298115015029907, 0.5298075079917908, 0.5318204760551453, 0.5326169729232788, 0.5316140651702881, 0.5324426293373108]}