{"loss": [17.344362258911133, 14.544568061828613, 13.938780784606934, 13.643792152404785, 13.461172103881836, 13.338800430297852, 13.247963905334473, 13.176641464233398, 13.116047859191895, 13.068230628967285, 13.020600318908691, 12.972289085388184, 12.931234359741211], "acc": [0.3911494314670563, 0.44278886914253235, 0.45790165662765503, 0.4665307402610779, 0.4721965789794922, 0.4769720435142517, 0.4806305468082428, 0.48396357893943787, 0.4866424798965454, 0.48878130316734314, 0.49069347977638245, 0.4928751289844513, 0.4947621822357178], "val_loss": [14.42768669128418, 13.731369972229004, 13.43889045715332, 13.272624969482422, 13.204835891723633, 13.147276878356934, 13.170348167419434, 13.111632347106934, 13.091750144958496, 13.148931503295898, 13.172243118286133, 13.104547500610352, 13.135941505432129], "val_acc": [0.44036030769348145, 0.45734527707099915, 0.46750959753990173, 0.4740806221961975, 0.47651585936546326, 0.47940322756767273, 0.4806212782859802, 0.4845024347305298, 0.4849812388420105, 0.4823693037033081, 0.48319143056869507, 0.48505815863609314, 0.48571887612342834]}