{"loss": [16.982229232788086, 14.129721641540527, 13.553872108459473, 13.274354934692383, 13.105501174926758, 12.994688987731934, 12.914671897888184, 12.842910766601562, 12.790087699890137, 12.734048843383789], "acc": [0.4030470848083496, 0.4562537968158722, 0.4702518582344055, 0.47820672392845154, 0.48390430212020874, 0.4883010983467102, 0.4919453263282776, 0.49482131004333496, 0.4972926080226898, 0.49972471594810486], "val_loss": [14.157527923583984, 13.369023323059082, 13.060290336608887, 12.973976135253906, 12.915009498596191, 12.872542381286621, 12.906603813171387, 12.900238037109375, 12.897465705871582, 12.907608985900879], "val_acc": [0.44908079504966736, 0.47052913904190063, 0.47973763942718506, 0.48421019315719604, 0.4884313642978668, 0.4901393949985504, 0.4910764694213867, 0.4906879961490631, 0.4916331171989441, 0.49180811643600464]}