{"loss": [16.90342140197754, 13.943242073059082, 13.319546699523926, 12.966156959533691, 12.727531433105469, 12.556957244873047, 12.419456481933594, 12.298118591308594, 12.191186904907227, 12.098920822143555, 12.011733055114746, 11.928364753723145], "acc": [0.3879479765892029, 0.44368377327919006, 0.45938119292259216, 0.4682469964027405, 0.4748990535736084, 0.48023736476898193, 0.4843127131462097, 0.488356351852417, 0.491960734128952, 0.494855672121048, 0.49738672375679016, 0.5004910230636597], "val_loss": [14.555532455444336, 13.73726749420166, 13.310606956481934, 13.143980026245117, 13.026198387145996, 12.962432861328125, 12.91391658782959, 12.973776817321777, 12.91366195678711, 12.869510650634766, 12.874619483947754, 12.894134521484375], "val_acc": [0.4283435046672821, 0.4512588381767273, 0.4614917039871216, 0.46749770641326904, 0.4702047109603882, 0.4721647799015045, 0.4755125939846039, 0.4761461615562439, 0.477299302816391, 0.4795013666152954, 0.47937485575675964, 0.48063576221466064]}