{"loss": [17.122982025146484, 14.368746757507324, 13.713276863098145, 13.40105152130127, 13.215761184692383, 13.091424942016602, 13.015926361083984, 12.942448616027832, 12.879592895507812, 12.829934120178223, 12.779109001159668, 12.740084648132324, 12.697488784790039, 12.661484718322754], "acc": [0.3976501226425171, 0.44893208146095276, 0.46539443731307983, 0.4743351340293884, 0.4804544448852539, 0.48513469099998474, 0.48852649331092834, 0.49152740836143494, 0.4943362772464752, 0.4964929223060608, 0.49880996346473694, 0.5005798935890198, 0.5023097991943359, 0.5039896368980408], "val_loss": [14.527020454406738, 13.54686450958252, 13.158120155334473, 13.02392292022705, 12.977583885192871, 12.958002090454102, 12.917179107666016, 12.913736343383789, 12.904318809509277, 12.894577980041504, 12.90855884552002, 12.897873878479004, 12.903672218322754, 12.907783508300781], "val_acc": [0.44051703810691833, 0.4663711190223694, 0.4776553809642792, 0.483024924993515, 0.4864392876625061, 0.48734351992607117, 0.4899095594882965, 0.4912913739681244, 0.4917646050453186, 0.4928547441959381, 0.4927392303943634, 0.4922514259815216, 0.49304866790771484, 0.4947237968444824]}