{"loss": [17.245649337768555, 14.395771026611328, 13.811943054199219, 13.522577285766602, 13.344022750854492, 13.223847389221191, 13.138466835021973, 13.068241119384766, 13.005005836486816, 12.954586029052734, 12.909812927246094, 12.86595344543457], "acc": [0.39385882019996643, 0.4471268653869629, 0.46180471777915955, 0.47026485204696655, 0.476225882768631, 0.480810284614563, 0.4844070374965668, 0.4877970814704895, 0.4902467429637909, 0.4926116466522217, 0.4944031238555908, 0.49640440940856934], "val_loss": [14.372262001037598, 13.549574851989746, 13.325623512268066, 13.183125495910645, 13.141581535339355, 13.06816577911377, 13.111896514892578, 13.048182487487793, 13.073053359985352, 13.082023620605469, 13.053335189819336, 13.04931354522705], "val_acc": [0.4420792758464813, 0.4640120565891266, 0.4707554280757904, 0.47613564133644104, 0.4799334406852722, 0.48281773924827576, 0.48266538977622986, 0.48623672127723694, 0.48595529794692993, 0.4859106242656708, 0.48569852113723755, 0.48868584632873535]}