{"loss": [17.28473472595215, 14.469527244567871, 13.865772247314453, 13.577759742736816, 13.388713836669922, 13.260926246643066, 13.17221450805664, 13.103727340698242, 13.045344352722168, 12.988130569458008, 12.938996315002441, 12.898417472839355, 12.85800552368164, 12.8190336227417, 12.784379005432129, 12.754265785217285, 12.720686912536621, 12.68457317352295, 12.65982437133789], "acc": [0.3925599753856659, 0.4451218545436859, 0.46008583903312683, 0.46823233366012573, 0.474704384803772, 0.4794095456600189, 0.4828888773918152, 0.48617351055145264, 0.488736093044281, 0.49118363857269287, 0.4933326542377472, 0.495185524225235, 0.49713918566703796, 0.49869275093078613, 0.5002052187919617, 0.5016284584999084, 0.5029511451721191, 0.5045353770256042, 0.5057433247566223], "val_loss": [14.534324645996094, 13.662656784057617, 13.318132400512695, 13.226400375366211, 13.142578125, 13.093830108642578, 13.070000648498535, 13.060239791870117, 13.05960750579834, 13.07453727722168, 13.04162883758545, 13.07451057434082, 13.021910667419434, 13.079963684082031, 13.018011093139648, 13.099853515625, 13.079941749572754, 13.04858684539795, 13.060211181640625], "val_acc": [0.43796828389167786, 0.4600880742073059, 0.4720648229122162, 0.4751121997833252, 0.4796030521392822, 0.48228245973587036, 0.48331600427627563, 0.4847324788570404, 0.48612576723098755, 0.4857834577560425, 0.48769611120224, 0.4889352023601532, 0.48957201838493347, 0.48813676834106445, 0.48960262537002563, 0.4877608120441437, 0.48825687170028687, 0.48947978019714355, 0.48947009444236755]}