{"loss": [17.272701263427734, 14.442851066589355, 13.842950820922852, 13.54758071899414, 13.35717487335205, 13.234031677246094, 13.14421272277832, 13.075767517089844, 13.013246536254883, 12.96262264251709, 12.911490440368652, 12.872469902038574, 12.831022262573242, 12.795449256896973, 12.75986385345459], "acc": [0.3932826519012451, 0.44600045680999756, 0.46131452918052673, 0.4698013365268707, 0.4757659435272217, 0.48037824034690857, 0.48439231514930725, 0.48742371797561646, 0.490181565284729, 0.49220144748687744, 0.4946040213108063, 0.4961981177330017, 0.49817174673080444, 0.4997190833091736, 0.5012827515602112], "val_loss": [14.410746574401855, 13.617501258850098, 13.312540054321289, 13.158400535583496, 13.097426414489746, 13.07583999633789, 13.064186096191406, 13.04276180267334, 13.051989555358887, 13.054502487182617, 13.040955543518066, 13.05951976776123, 13.048032760620117, 13.0732421875, 13.044448852539062], "val_acc": [0.43967920541763306, 0.46329936385154724, 0.47144263982772827, 0.4773278534412384, 0.48161977529525757, 0.4825449585914612, 0.48421892523765564, 0.4862939417362213, 0.4879375398159027, 0.4865587055683136, 0.48868677020072937, 0.48787158727645874, 0.4883951246738434, 0.4873136579990387, 0.4896203875541687]}