{"loss": [17.20104217529297, 14.372228622436523, 13.798799514770508, 13.510052680969238, 13.341591835021973, 13.226484298706055, 13.146984100341797, 13.080822944641113, 13.023841857910156, 12.972040176391602, 12.929910659790039, 12.888283729553223, 12.851969718933105, 12.820491790771484, 12.788575172424316], "acc": [0.3944183588027954, 0.44716960191726685, 0.46175718307495117, 0.4703044593334198, 0.47604355216026306, 0.48033255338668823, 0.4837130606174469, 0.48668086528778076, 0.48924919962882996, 0.49155089259147644, 0.4934225380420685, 0.49528953433036804, 0.49717503786087036, 0.49825355410575867, 0.5000027418136597], "val_loss": [14.272266387939453, 13.55490493774414, 13.24080753326416, 13.212905883789062, 13.10148811340332, 13.095335006713867, 13.103745460510254, 13.080910682678223, 13.054055213928223, 13.071882247924805, 13.035183906555176, 13.07299518585205, 13.07416820526123, 13.129241943359375, 13.082298278808594], "val_acc": [0.446100652217865, 0.4627830982208252, 0.473337858915329, 0.4748300611972809, 0.4805384874343872, 0.4828978478908539, 0.482756644487381, 0.48552876710891724, 0.48722440004348755, 0.4846802353858948, 0.4883880019187927, 0.48636481165885925, 0.48668110370635986, 0.4852164685726166, 0.4875999093055725]}