{"loss": [16.926122665405273, 14.128750801086426, 13.551167488098145, 13.269184112548828, 13.097594261169434, 12.981365203857422, 12.903520584106445, 12.834613800048828, 12.77956485748291, 12.723285675048828, 12.674848556518555, 12.636187553405762], "acc": [0.4040302038192749, 0.45619988441467285, 0.47042128443717957, 0.4786790609359741, 0.4841388761997223, 0.4888262152671814, 0.4921031892299652, 0.4951874315738678, 0.49758216738700867, 0.5001129508018494, 0.5022006630897522, 0.5042049288749695], "val_loss": [14.18433666229248, 13.368191719055176, 13.08615493774414, 13.011054039001465, 12.918007850646973, 12.923166275024414, 12.909274101257324, 12.872780799865723, 12.900897979736328, 12.92471694946289, 12.938201904296875, 12.91295051574707], "val_acc": [0.45107051730155945, 0.47247251868247986, 0.48013734817504883, 0.48296481370925903, 0.4872353971004486, 0.4881030321121216, 0.4903820753097534, 0.4915449023246765, 0.4895026385784149, 0.4913868010044098, 0.4916839003562927, 0.4925246834754944]}