{"loss": [17.194927215576172, 14.368969917297363, 13.78857421875, 13.504300117492676, 13.33260440826416, 13.218681335449219, 13.137778282165527, 13.07362174987793, 13.012887001037598, 12.968713760375977], "acc": [0.3940313458442688, 0.44746384024620056, 0.4621773362159729, 0.47055676579475403, 0.4761233627796173, 0.48036274313926697, 0.48406583070755005, 0.48707640171051025, 0.48976677656173706, 0.49172669649124146], "val_loss": [14.353343963623047, 13.582427978515625, 13.25464153289795, 13.185541152954102, 13.11652660369873, 13.069147109985352, 13.082596778869629, 13.070284843444824, 13.07616138458252, 13.06973648071289], "val_acc": [0.44251930713653564, 0.4635702669620514, 0.47175630927085876, 0.47564542293548584, 0.47899162769317627, 0.48208725452423096, 0.48350781202316284, 0.4847619831562042, 0.48633724451065063, 0.4856439530849457]}