{"loss": [17.232885360717773, 14.386418342590332, 13.799988746643066, 13.498869895935059, 13.320536613464355, 13.205086708068848, 13.117450714111328, 13.04475212097168, 12.979707717895508, 12.930472373962402, 12.881227493286133, 12.837301254272461, 12.79619312286377], "acc": [0.39390280842781067, 0.4476148188114166, 0.4624525308609009, 0.4709821343421936, 0.4766967296600342, 0.48113900423049927, 0.48505276441574097, 0.4881761968135834, 0.49054405093193054, 0.4928905665874481, 0.4951365292072296, 0.4971040189266205, 0.4990910589694977], "val_loss": [14.281702995300293, 13.545464515686035, 13.26278305053711, 13.167943954467773, 13.08073902130127, 13.072582244873047, 13.070235252380371, 13.020228385925293, 13.019489288330078, 13.052881240844727, 13.040765762329102, 13.07754898071289, 13.05960750579834], "val_acc": [0.44417572021484375, 0.4631875455379486, 0.4725175201892853, 0.478015661239624, 0.48158448934555054, 0.4833318591117859, 0.48346424102783203, 0.4879264831542969, 0.48671194911003113, 0.4859507083892822, 0.4879232347011566, 0.48636433482170105, 0.4870821237564087]}